-- =========================================
-- CREATION DES TABLES ET INSERTION DES DONNEES
-- TABLE: UTILISATEURS
-- =========================================

-- Création de la table utilisateurs
CREATE TABLE utilisateurs (
    id_user NUMBER GENERATED BY DEFAULT AS IDENTITY PRIMARY KEY,
    nom VARCHAR2(50) NOT NULL,
    prenom VARCHAR2(50),
    role VARCHAR2(20) NOT NULL,
    login VARCHAR2(50) UNIQUE NOT NULL,
    mot_de_passe VARCHAR2(100) NOT NULL,
    actif NUMBER(1) DEFAULT 1,
    date_creation DATE DEFAULT SYSDATE,
    derniere_connexion DATE
);

-- Insertion des données dans utilisateurs
INSERT INTO utilisateurs (nom, prenom, role, login, mot_de_passe, actif) VALUES 
    ('Admin', 'System', 'admin', 'admin', 'a1', 1),
    ('Dupont', 'Jean', 'serveur', 'jean.dupont', 'b2', 1),
    ('Martin', 'Sophie', 'serveur', 'sophie.martin', 'c3', 1),
    ('Bernard', 'Pierre', 'caissier', 'pierre.bernard', 'd4', 1),
    ('Petit', 'Marie', 'caissier', 'marie.petit', 'e5', 1),
    ('Dubois', 'Lucas', 'serveur', 'lucas.dubois', 'f6', 0);

-- =========================================
-- TABLE: CLIENTS
-- =========================================

CREATE TABLE clients (
    id_client NUMBER GENERATED BY DEFAULT AS IDENTITY PRIMARY KEY,
    nom VARCHAR2(50) NOT NULL,
    prenom VARCHAR2(50),
    telephone VARCHAR2(20),
    email VARCHAR2(100),
    adresse VARCHAR2(200),
    date_inscription DATE DEFAULT SYSDATE,
    points_fidelite NUMBER DEFAULT 0
);

-- Insertion des données dans clients
INSERT INTO clients (nom, prenom, telephone, email, adresse, points_fidelite) VALUES 
    ('Laurent', 'Isabelle', '0612345678', 'isabelle.laurent@email.com', '12 rue de Paris, 75001 Paris', 150),
    ('Moreau', 'Thomas', '0623456789', 'thomas.moreau@email.com', '45 avenue des Fleurs, 69002 Lyon', 80),
    ('Simon', 'Julie', '0634567890', 'julie.simon@email.com', '8 boulevard Victor Hugo, 13001 Marseille', 200),
    ('Michel', 'Nicolas', '0645678901', 'nicolas.michel@email.com', '23 rue Nationale, 59000 Lille', 45),
    ('Lefevre', 'Camille', '0656789012', 'camille.lefevre@email.com', '67 cours Mirabeau, 13100 Aix-en-Provence', 320),
    ('Garcia', 'Antonio', '0667890123', 'antonio.garcia@email.com', '15 rue de la République, 31000 Toulouse', 95);

-- =========================================
-- TABLE: PRODUITS
-- =========================================

CREATE TABLE produits (
    id_produit NUMBER GENERATED BY DEFAULT AS IDENTITY PRIMARY KEY,
    nom_produit VARCHAR2(100) NOT NULL,
    description VARCHAR2(500),
    prix NUMBER(10,2),
    categorie VARCHAR2(50),
    sous_categorie VARCHAR2(50),
    disponible NUMBER(1) DEFAULT 1,
    stock NUMBER DEFAULT 0
);

-- Insertion des données dans produits
INSERT INTO produits (nom_produit, description, prix, categorie, sous_categorie, stock) VALUES 
    ('Entrées', NULL, NULL, 'entree', NULL, 0),
    ('Salade César', 'Salade romaine, poulet, parmesan, sauce César', 9.50, 'entree', 'salade', 50),
    ('Soupe à l''oignon', 'Soupe traditionnelle gratinée', 7.90, 'entree', 'soupe', 40),
    ('Foie gras', 'Foie gras de canard, pain d''épices', 14.90, 'entree', 'charcuterie', 30),
    ('Plats', NULL, NULL, 'plat', NULL, 0),
    ('Steak Frites', 'Steak de bœuf, frites maison', 18.50, 'plat', 'viande', 60),
    ('Magret de Canard', 'Magret de canard, sauce miel et épices', 22.90, 'plat', 'viande', 45),
    ('Saumon grillé', 'Filet de saumon, légumes de saison', 19.90, 'plat', 'poisson', 40),
    ('Pizza Margherita', 'Tomate, mozzarella, basilic', 12.90, 'plat', 'pizza', 35),
    ('Burger Maison', 'Bœuf, cheddar, salade, tomate, frites', 15.90, 'plat', 'burger', 55),
    ('Desserts', NULL, NULL, 'dessert', NULL, 0),
    ('Crème Brûlée', 'Crème vanille, caramel croustillant', 6.90, 'dessert', 'creme', 50),
    ('Fondant au Chocolat', 'Cœur coulant au chocolat noir', 7.50, 'dessert', 'gateau', 45),
    ('Tarte Tatin', 'Tarte aux pommes caramélisées', 6.50, 'dessert', 'tarte', 40),
    ('Profiteroles', 'Choux, glace vanille, sauce chocolat', 8.50, 'dessert', 'glace', 35),
    ('Boissons', NULL, NULL, 'boisson', NULL, 0),
    ('Café', 'Café expresso', 2.00, 'boisson', 'chaude', 200),
    ('Thé', 'Thé au choix', 2.50, 'boisson', 'chaude', 150),
    ('Jus d''orange', 'Jus frais pressé', 4.50, 'boisson', 'froide', 80),
    ('Coca-Cola', '33cl', 3.00, 'boisson', 'soda', 120),
    ('Eau minérale', '50cl', 2.00, 'boisson', 'eau', 300);

-- =========================================
-- TABLE: COMMANDES
-- =========================================

CREATE TABLE commandes (
    id_commande NUMBER GENERATED BY DEFAULT AS IDENTITY PRIMARY KEY,
    id_client NUMBER,
    id_serveur NUMBER NOT NULL,
    id_caissier NUMBER,
    numero_table NUMBER,
    nombre_couverts NUMBER DEFAULT 1,
    date_commande DATE DEFAULT SYSDATE,
    statut VARCHAR2(20) DEFAULT 'en_attente',
    commentaire VARCHAR2(500)
);

-- Insertion des données dans commandes
INSERT INTO commandes (id_client, id_serveur, numero_table, nombre_couverts, statut, commentaire) VALUES 
    (1, 2, 5, 2, 'termine', 'Sans oignons pour une personne'),
    (2, 2, 3, 4, 'termine', NULL),
    (3, 3, 8, 2, 'servi', 'Anniversaire'),
    (NULL, 3, 12, 1, 'en_preparation', NULL),
    (4, 2, 2, 3, 'en_attente', NULL),
    (5, 3, 7, 2, 'termine', 'Sans gluten');

-- =========================================
-- TABLE: DETAILS_COMMANDE
-- =========================================

CREATE TABLE details_commande (
    id_detail NUMBER GENERATED BY DEFAULT AS IDENTITY PRIMARY KEY,
    id_commande NUMBER NOT NULL,
    id_produit NUMBER NOT NULL,
    quantite NUMBER NOT NULL,
    prix_unitaire NUMBER(10,2) NOT NULL,
    remise NUMBER(10,2) DEFAULT 0,
    commentaire VARCHAR2(200)
);

-- Insertion des données dans details_commande
INSERT INTO details_commande (id_commande, id_produit, quantite, prix_unitaire, remise) VALUES 
    (1, 2, 1, 9.50, 0),
    (1, 6, 2, 18.50, 0),
    (1, 12, 1, 6.90, 0),
    (1, 17, 2, 2.00, 0),
    (2, 4, 1, 14.90, 0),
    (2, 8, 2, 19.90, 5.00),
    (2, 9, 1, 12.90, 0),
    (2, 13, 3, 7.50, 0),
    (3, 3, 2, 7.90, 0),
    (3, 7, 2, 22.90, 0),
    (3, 14, 2, 8.50, 0),
    (3, 19, 4, 3.00, 0),
    (4, 5, 1, 18.50, 0),
    (4, 17, 1, 2.00, 0),
    (5, 2, 1, 9.50, 0),
    (5, 6, 1, 18.50, 0),
    (5, 10, 1, 15.90, 0),
    (5, 11, 1, 6.90, 0),
    (6, 8, 1, 19.90, 0),
    (6, 16, 2, 2.50, 0),
    (6, 12, 1, 6.90, 0);

-- =========================================
-- TABLE: PAIEMENTS
-- =========================================

CREATE TABLE paiements (
    id_paiement NUMBER GENERATED BY DEFAULT AS IDENTITY PRIMARY KEY,
    id_commande NUMBER NOT NULL,
    montant NUMBER(10,2) NOT NULL,
    mode_paiement VARCHAR2(20) NOT NULL,
    reference_transaction VARCHAR2(100),
    date_paiement DATE DEFAULT SYSDATE,
    id_caissier NUMBER
);

-- Insertion des données dans paiements
INSERT INTO paiements (id_commande, montant, mode_paiement, reference_transaction, id_caissier) VALUES 
    (1, 54.90, 'carte_credit', 'TRX001234', 4),
    (2, 85.20, 'especes', NULL, 4),
    (3, 92.60, 'carte_debit', 'TRX001235', 5),
    (6, 48.20, 'carte_credit', 'TRX001236', 4);

-- =========================================
-- TABLE: RESERVATIONS
-- =========================================

CREATE TABLE reservations (
    id_reservation NUMBER GENERATED BY DEFAULT AS IDENTITY PRIMARY KEY,
    id_client NUMBER NOT NULL,
    date_reservation DATE NOT NULL,
    heure_reservation VARCHAR2(10) NOT NULL,
    nombre_personnes NUMBER NOT NULL,
    numero_table NUMBER,
    statut VARCHAR2(20) DEFAULT 'confirmée',
    commentaire VARCHAR2(500)
);

-- Insertion des données dans reservations
INSERT INTO reservations (id_client, date_reservation, heure_reservation, nombre_personnes, numero_table, statut) VALUES 
    (1, SYSDATE + 1, '19:30', 4, 5, 'confirmée'),
    (2, SYSDATE + 2, '20:00', 2, 3, 'confirmée'),
    (3, SYSDATE + 1, '12:30', 6, 8, 'confirmée'),
    (4, SYSDATE + 3, '19:00', 3, 2, 'confirmée');

-- =========================================
-- TABLE: AUDIT_LOG
-- =========================================

CREATE TABLE audit_log (
    id_log NUMBER GENERATED BY DEFAULT AS IDENTITY PRIMARY KEY,
    table_name VARCHAR2(50),
    action VARCHAR2(20),
    record_id NUMBER,
    utilisateur VARCHAR2(50),
    date_action DATE DEFAULT SYSDATE,
    anciennes_valeurs CLOB,
    nouvelles_valeurs CLOB
);

-- Insertion des données dans audit_log (vide pour le moment)
INSERT INTO audit_log (table_name, action, record_id, utilisateur, anciennes_valeurs, nouvelles_valeurs) 
VALUES ('system', 'init', 0, 'admin', NULL, 'Base de données initialisée');

COMMIT;